<annotation>
	<folder>images</folder>
	<filename>defective_9.jpg</filename>
	<path>/home/anoushkatripathi/images/defective_9.jpg</path>
	<source>
		<database>Unknown</database>
	</source>
	<size>
		<width>640</width>
		<height>480</height>
		<depth>3</depth>
	</size>
	<segmented>0</segmented>
	<object>
		<name>defect</name>
		<pose>Unspecified</pose>
		<truncated>0</truncated>
		<difficult>0</difficult>
		<bndbox>
			<xmin>238</xmin>
			<ymin>378</ymin>
			<xmax>280</xmax>
			<ymax>425</ymax>
		</bndbox>
	</object>
</annotation>
